{"cameraMode":{"drawMode":0,"name":"Shaded","section":"Shading Mode"},"sceneLighting":false,"audioPlay":false,"sceneViewState":{"m_AlwaysRefresh":false,"showFog":true,"showSkybox":false,"showFlares":true,"showImageEffects":true,"showParticleSystems":true,"showVisualEffectGraphs":true,"m_FxEnabled":true},"in2DMode":false,"pivot":{"x":-0.936112105846405,"y":134.19879150390626,"z":0.0068329572677612309},"rotation":{"x":0.05081089213490486,"y":-0.08080615848302841,"z":0.004124633502215147,"w":0.9954277873039246},"size":1.6711792945861817,"orthographic":false}