{"cameraMode":{"drawMode":0,"name":"Shaded","section":"Shading Mode"},"sceneLighting":false,"audioPlay":false,"sceneViewState":{"m_AlwaysRefresh":false,"showFog":true,"showSkybox":false,"showFlares":true,"showImageEffects":true,"showParticleSystems":true,"showVisualEffectGraphs":true,"m_FxEnabled":true},"in2DMode":false,"pivot":{"x":0.20816048979759217,"y":-0.3238888382911682,"z":-0.023835420608520509},"rotation":{"x":0.10319654643535614,"y":-0.047724395990371707,"z":0.00495730759575963,"w":0.9935057759284973},"size":1.5616302490234376,"orthographic":false}