{"cameraMode":{"drawMode":0,"name":"Shaded","section":"Shading Mode"},"sceneLighting":true,"audioPlay":false,"sceneViewState":{"m_AlwaysRefresh":false,"showFog":true,"showSkybox":true,"showFlares":true,"showImageEffects":true,"showParticleSystems":true,"showVisualEffectGraphs":true,"m_FxEnabled":true},"in2DMode":false,"pivot":{"x":179.35671997070313,"y":557.263427734375,"z":15.45202350616455},"rotation":{"x":0.02591901272535324,"y":0.9729302525520325,"z":-0.18459266424179078,"w":0.13661113381385804},"size":3.7469289302825929,"orthographic":true}